true\predicted,BENIGN,Bot,DDoS,DoS GoldenEye,DoS Hulk,DoS Slowhttptest,DoS slowloris,FTP-Patator,PortScan,SSH-Patator,Web Attack - Brute Force,Web Attack - XSS
BENIGN,0.9973,0.0003,0.0,0.0001,0.0016,0.0,0.0,0.0,0.0005,0.0,0.0001,0.0001
Bot,0.0541,0.9459,0.0,0.0,0.0,0.0,0.0,0.0,0.0,0.0,0.0,0.0
DDoS,0.0014,0.0,0.9986,0.0,0.0,0.0,0.0,0.0,0.0,0.0,0.0,0.0
DoS GoldenEye,0.0025,0.0,0.0,0.9975,0.0,0.0,0.0,0.0,0.0,0.0,0.0,0.0
DoS Hulk,0.0002,0.0,0.0,0.0002,0.9996,0.0,0.0,0.0,0.0,0.0,0.0,0.0
DoS Slowhttptest,0.0046,0.0,0.0,0.0,0.0,0.9817,0.0092,0.0,0.0,0.0,0.0046,0.0
DoS slowloris,0.0045,0.0,0.0,0.0,0.0,0.0045,0.9865,0.0,0.0,0.0,0.0,0.0045
FTP-Patator,0.0032,0.0,0.0,0.0,0.0,0.0,0.0,0.9968,0.0,0.0,0.0,0.0
PortScan,0.0003,0.0,0.0,0.0,0.0002,0.0,0.0,0.0,0.9994,0.0,0.0002,0.0
SSH-Patator,0.0042,0.0,0.0,0.0,0.0,0.0,0.0,0.0,0.0042,0.9916,0.0,0.0
Web Attack - Brute Force,0.1167,0.0,0.0,0.0,0.0,0.0,0.0,0.0,0.0,0.0,0.8167,0.0667
Web Attack - XSS,0.069,0.0,0.0,0.0,0.0,0.0,0.0,0.0,0.0,0.0,0.4138,0.5172
