class_name,precision,recall,f1,support,roc_auc,pr_auc
BENIGN,0.9997,0.9973,0.9985,90844,0.9996,0.9999
Bot,0.7527,0.9459,0.8383,74,0.9998,0.8173
DDoS,0.9994,0.9986,0.999,5149,0.9998,0.9991
DoS GoldenEye,0.9687,0.9975,0.9829,403,1.0,0.9998
DoS Hulk,0.9843,0.9996,0.9919,9194,1.0,0.9998
DoS Slowhttptest,0.9862,0.9817,0.9839,218,0.9991,0.9886
DoS slowloris,0.991,0.9865,0.9888,223,0.9982,0.9893
FTP-Patator,1.0,0.9968,0.9984,315,1.0,0.9989
PortScan,0.9925,0.9994,0.9959,6347,0.9998,0.9981
SSH-Patator,0.9958,0.9916,0.9937,239,1.0,0.9999
Web Attack - Brute Force,0.6901,0.8167,0.7481,60,0.9993,0.7525
Web Attack - XSS,0.6,0.5172,0.5556,29,0.9819,0.4644
