feature,mean_abs_shap
Destination Port,0.4608915
Init_Win_bytes_backward,0.38688073
Init_Win_bytes_forward,0.24488564
Source Port,0.22082675
min_seg_size_forward,0.21756728
Bwd Packet Length Min,0.13067
Flow IAT Mean,0.1096211
Fwd Packet Length Max,0.10797727
Fwd IAT Min,0.10241603
Packet Length Mean,0.088955365
Flow IAT Min,0.08731208
Bwd Packets/s,0.08397468
PSH Flag Count,0.0727513
Fwd Packet Length Std,0.06975152
Flow Bytes/s,0.06517521
Bwd Packet Length Std,0.06261744
Total Length of Fwd Packets,0.054403465
Fwd Packet Length Mean,0.0500651
Total Length of Bwd Packets,0.045506272
Fwd IAT Std,0.042166192
Bwd Header Length,0.0416728
Min Packet Length,0.040088676
Bwd IAT Std,0.038615774
Total Backward Packets,0.037661236
Total Fwd Packets,0.033118617
Flow Duration,0.032920767
Flow IAT Std,0.032847084
Fwd Header Length,0.031449668
Fwd IAT Mean,0.028570876
Fwd Packets/s,0.023766594
Fwd IAT Total,0.020911768
Fwd Packet Length Min,0.020119086
Fwd IAT Max,0.019353203
Down/Up Ratio,0.018913625
Flow Packets/s,0.017799309
Flow IAT Max,0.016672498
Bwd IAT Min,0.016642237
Average Packet Size,0.01537396
URG Flag Count,0.014520198
Bwd Packet Length Max,0.013031089
ACK Flag Count,0.01122934
FIN Flag Count,0.010342941
Fwd PSH Flags,0.010018497
Bwd IAT Total,0.009772353
Bwd Packet Length Mean,0.008973317
Packet Length Std,0.007519769
Packet Length Variance,0.0063853315
Active Min,0.0058864187
Protocol,0.003624831
Active Std,0.0031543311
act_data_pkt_fwd,0.0027477974
Active Mean,0.0018335423
Bwd IAT Mean,0.0015454614
Max Packet Length,0.001257175
Bwd IAT Max,0.000643547
Idle Max,0.0006210396
Idle Min,0.00058559515
Active Max,0.00046417047
Idle Std,0.000100184494
Idle Mean,5.1669438e-05
Bwd URG Flags,0.0
SYN Flag Count,0.0
Bwd PSH Flags,0.0
Fwd URG Flags,0.0
RST Flag Count,0.0
Bwd Avg Bulk Rate,0.0
Bwd Avg Bytes/Bulk,0.0
Bwd Avg Packets/Bulk,0.0
Fwd Avg Packets/Bulk,0.0
Fwd Avg Bytes/Bulk,0.0
Fwd Header Length.1,0.0
Avg Bwd Segment Size,0.0
Avg Fwd Segment Size,0.0
ECE Flag Count,0.0
CWE Flag Count,0.0
Fwd Avg Bulk Rate,0.0
Subflow Fwd Packets,0.0
Subflow Fwd Bytes,0.0
Subflow Bwd Packets,0.0
Subflow Bwd Bytes,0.0
